{
    "1": "1.php",
    "112": "112.php",
    "130": "130.php",
    "150": "150.php",
    "153": "153.php",
    "158": "158.php",
    "160": "160.php",
    "165": "165.php",
    "171": "171.php",
    "175": "175.php",
    "176": "176.php",
    "179": "179.php",
    "189": "189.php",
    "191": "191.php",
    "219": "219.php",
    "241": "241.php",
    "291": "291.php",
    "295": "295.php",
    "342": "342.php",
    "350": "350.php",
    "351": "351.php",
    "352": "352.php",
    "353": "353.php",
    "354": "354.php",
    "355": "355.php",
    "356": "356.php",
    "475": "475.php",
    "476": "476.php",
    "555": "555.php",
    "600": "600.php",
    "602": "602.php",
    "603": "603.php",
    "604": "604.php",
    "605": "605.php",
    "700": "700.php",
    "701": "701.php",
    "702": "702.php",
    "703": "703.php",
    "704": "704.php"
}
