{
    "ADMIN_LIST_ADMINS": {
        "value": 1,
        "display": "View Admins"
    },

    "ADMIN_ADD_ADMINS": {
        "value": 2,
        "display": "Add Admins"
    },

    "ADMIN_EDIT_ADMINS": {
        "value": 4,
        "display": "Edit Admins"
    },

    "ADMIN_DELETE_ADMINS": {
        "value": 8,
        "display": "Delete Admins"
    },

    "ADMIN_LIST_SERVERS": {
        "value": 16,
        "display": "View Servers"
    },

    "ADMIN_ADD_SERVER": {
        "value": 32,
        "display": "Add Servers"
    },

    "ADMIN_EDIT_SERVERS": {
        "value": 64,
        "display": "Edit Servers"
    },

    "ADMIN_DELETE_SERVERS": {
        "value": 128,
        "display": "Delete Servers"
    },

    "ADMIN_ADD_BAN": {
        "value": 256,
        "display": "Add Bans"
    },

    "ADMIN_EDIT_OWN_BANS": {
        "value": 1024,
        "display": "Edit Own Bans"
    },

    "ADMIN_EDIT_GROUP_BANS": {
        "value": 2048,
        "display": "Edit Group Bans"
    },

    "ADMIN_EDIT_ALL_BANS": {
        "value": 4096,
        "display": "Edit All Bans"
    },

    "ADMIN_BAN_PROTESTS": {
        "value": 8192,
        "display": "Ban Appeals"
    },

    "ADMIN_BAN_SUBMISSIONS": {
        "value": 16384,
        "display": "Ban Reports"
    },

    "ADMIN_DELETE_BAN": {
        "value": 33554432,
        "display": "Delete All Bans"
    },

    "ADMIN_UNBAN": {
        "value": 67108864,
        "display": "Unban All Bans"
    },

    "ADMIN_BAN_IMPORT": {
        "value": 134217728,
        "display": "Import Bans"
    },

    "ADMIN_UNBAN_OWN_BANS": {
        "value": 1073741824,
        "display": "Unban Own Bans"
    },

    "ADMIN_UNBAN_GROUP_BANS": {
        "value": 2147483648,
        "display": "Unban Group Bans"
    },

    "ADMIN_LIST_GROUPS": {
        "value": 32768,
        "display": "View Groups"
    },

    "ADMIN_ADD_GROUP": {
        "value": 65536,
        "display": "Add Groups"
    },

    "ADMIN_EDIT_GROUPS": {
        "value": 131072,
        "display": "Edit Groups"
    },

    "ADMIN_DELETE_GROUPS": {
        "value": 262144,
        "display": "Delete Groups"
    },

    "ADMIN_WEB_SETTINGS": {
        "value": 524288,
        "display": "Web Settings"
    },

    "ADMIN_LIST_MODS": {
        "value": 1048576,
        "display": "View Mods"
    },

    "ADMIN_ADD_MODS": {
        "value": 2097152,
        "display": "Add Mods"
    },

    "ADMIN_EDIT_MODS": {
        "value": 4194304,
        "display": "Edit Mods"
    },

    "ADMIN_DELETE_MODS": {
        "value": 8388608,
        "display": "Delete Mods"
    },

    "ADMIN_NOTIFY_SUB": {
        "value": 268435456,
        "display": "Ban Report Email Notifications"
    },

    "ADMIN_NOTIFY_PROTEST": {
        "value": 536870912,
        "display": "Ban Appeal Email Notifications"
    },

    "ADMIN_OWNER": {
        "value": 16777216,
        "display": "Owner"
    },

    "ALL_WEB": {
        "value": 4294966783,
        "display": "All Web Permissions"
    }
}
